﻿Rank,Trend,Title,Year,Genres,Total votes,Average rating
147,"2,622",The Batman,2022,"Action, Drama, Crime","716,802",7.8
160,"3,239",Top Gun: Maverick,2022,"Action, Drama","616,692",8.3
305,"2,122",Everything Everywhere All at Once,2022,"Comedy, Action, Adventure","467,912",7.8
352,"3,798",Avatar: The Way of Water,2022,"Action, Fantasy, Adventure","442,286",7.6
438,"1,117",Doctor Strange in the Multiverse of Madness,2022,"Action, Fantasy, Adventure","447,346",6.9
481,"1,831",Bullet Train,2022,"Comedy, Action, Thriller","375,692",7.3
731,"1,054",Thor: Love and Thunder,2022,"Comedy, Action, Adventure","372,575",6.2
800,"1,198",All Quiet on the Western Front,2022,"Action, Drama, War","215,855",7.8
842,"1,120",Black Panther: Wakanda Forever,2022,"Action, Drama, Adventure","280,116",6.7
958,613,The Northman,2022,"Action, Drama, Adventure","232,744",7.0
"1,031",413,Prey,2022,"Action, Drama, Horror, Adventure","210,784",7.1
"1,084",943,Black Adam,2022,"Action, Fantasy, Adventure, Sci-fi","255,185",6.3
"1,124",408,The Adam Project,2022,"Comedy, Action, Adventure","217,589",6.7
"1,129",183,K.G.F: Chapter 2,2022,"Action, Drama, Crime","141,392",8.3
"1,161",423,RRR,2022,"Action, Drama, Adventure","154,275",7.8
"1,162",587,The Gray Man,2022,"Action, Thriller","222,002",6.5
"1,175",689,Uncharted,2022,"Action, Adventure","233,810",6.3
"1,630",155,Kantara,2022,"Action, Drama, Adventure, Thriller","97,179",8.3
"1,683",805,The Unbearable Weight of Massive Talent,2022,"Comedy, Action, Crime","131,026",7.0
"1,794",356,Fantastic Beasts: The Secrets of Dumbledore,2022,"Action, Fantasy, Family, Adventure","156,016",6.2
"1,817",596,Jurassic World Dominion,2022,"Action, Adventure, Sci-fi","188,574",5.6
"2,080",313,The Lost City,2022,"Comedy, Action, Adventure","137,272",6.1
"2,286",154,Sita Ramam,2022,"Romance, Action, Drama, Mystery","61,750",8.6
"2,322",147,Vikram,2022,"Action, Crime, Mystery, Thriller","65,061",8.3
"2,384",305,Lightyear,2022,"Animation, Action, Adventure","116,585",6.1
"2,460",370,Enola Holmes 2,2022,"Action, Crime, Adventure","90,265",6.8
"2,484",126,Rocketry: The Nambi Effect,2022,"Action, Drama, Biography","54,503",8.7
"2,525",31,Karthikeya 2,2022,"Action, Fantasy, Adventure","63,565",8.0
"2,670",189,Thirteen Lives,2022,"Action, Drama, Biography, Adventure, Thriller","62,455",7.8
"2,676",321,Morbius,2022,"Action, Drama, Horror, Adventure","140,230",5.2
"2,785",142,DC League of Super-Pets,2022,"Animation, Action, Adventure","71,029",7.1
"2,881",77,Brahmastra Part One: Shiva,2022,"Action, Fantasy, Adventure","109,289",5.6
"2,911",410,Violent Night,2022,"Comedy, Action, Crime","75,513",6.7
"2,969",297,Sonic the Hedgehog 2,2022,"Animation, Comedy, Action, Adventure","77,765",6.5
"3,048",308,Ambulance,2022,"Action, Drama, Crime","85,506",6.1
